{
  "accuracy": [
    0.6753773093223572,
    0.7349543571472168,
    0.749114990234375,
    0.7507918477058411,
    0.7570803165435791,
    0.7597354054450989,
    0.7637413740158081,
    0.7680734395980835,
    0.7683994770050049,
    0.7785541415214539,
    0.6225079298019409,
    0.7038848400115967,
    0.7418949007987976,
    0.7596422433853149,
    0.7823737859725952,
    0.791689932346344,
    0.8087385892868042,
    0.8173560500144958,
    0.8208962082862854,
    0.8312371969223022,
    0.8472610116004944,
    0.8473541736602783,
    0.853596031665802,
    0.8595584034919739,
    0.8621203899383545,
    0.8674771785736084,
    0.8744177222251892,
    0.8757686018943787,
    0.88485187292099,
    0.8831284046173096
  ],
  "val_accuracy": [
    0.6642431020736694,
    0.6991051435470581,
    0.7019015550613403,
    0.708799421787262,
    0.7156972289085388,
    0.7211036682128906,
    0.7089858055114746,
    0.7252050638198853,
    0.722408652305603,
    0.7216629385948181,
    0.677293062210083,
    0.7125279903411865,
    0.6909022927284241,
    0.7535421252250671,
    0.658650279045105,
    0.6582773923873901,
    0.7425428628921509,
    0.754287838935852,
    0.7852349281311035,
    0.7898955941200256,
    0.7753542065620422,
    0.764354944229126,
    0.7746084928512573,
    0.7173750996589661,
    0.8148769736289978,
    0.7669649720191956,
    0.7734899520874023,
    0.7964205741882324,
    0.7399328947067261,
    0.7762863636016846
  ],
  "loss": [
    0.7417935729026794,
    0.6307337880134583,
    0.6075096130371094,
    0.5989377498626709,
    0.5839821696281433,
    0.5806785821914673,
    0.5753821730613708,
    0.5653892755508423,
    0.556315004825592,
    0.5431997179985046,
    1.192994475364685,
    0.8270290493965149,
    0.7134314179420471,
    0.6358471512794495,
    0.5644416809082031,
    0.5431175231933594,
    0.501672089099884,
    0.4735662639141083,
    0.4539400339126587,
    0.43114137649536133,
    0.3962399959564209,
    0.38783374428749084,
    0.3758564591407776,
    0.36708715558052063,
    0.3501584827899933,
    0.33749058842658997,
    0.3278766870498657,
    0.30886682868003845,
    0.30127251148223877,
    0.3032132685184479
  ],
  "val_loss": [
    0.8005483746528625,
    0.7838480472564697,
    0.8001096248626709,
    0.7649922370910645,
    0.7268860340118408,
    0.7533376812934875,
    0.7685479521751404,
    0.7232698202133179,
    0.7492442727088928,
    0.7766726613044739,
    1.0428274869918823,
    0.9123724699020386,
    0.8715997934341431,
    0.8053119778633118,
    1.0527551174163818,
    0.8785723447799683,
    0.8666660785675049,
    0.7574149966239929,
    0.6458019018173218,
    0.7193800210952759,
    0.9305148720741272,
    0.8112757205963135,
    0.6569404006004333,
    0.7671784162521362,
    0.6264945864677429,
    0.9525517821311951,
    0.6840135455131531,
    0.6631866693496704,
    0.7304648160934448,
    0.725713312625885
  ]
}